customer_id,Age,Churn,AnnualIncomeClass,ServicesOpted,AccountSyncedToSocialMedia,BookedHotelOrNot,FrequentFlyer,CustomerLoyaltyScore,Gender
AIC1099,34,No,Middle Income,Exclusive Travel Package,No,Yes,No,0,
AIC8182,34,Yes,Low Income,Ultimate Travel Package,Yes,No,Yes,5,Male
AIC4163,37,No,Middle Income,Premium Travel Package,Yes,No,No,0,Female
AIC7636,30,No,Middle Income,Standard Travel Package,No,No,No,0,Male
AIC7867,30,No,Low Income,Basic Travel Package,No,No,No,0,Female
AIC5070,27,Yes,High Income,Basic Travel Package,No,Yes,Yes,1,Female
AIC1681,34,No,Middle Income,Luxury Travel Package,Yes,Yes,No,0,Male
AIC8744,34,Yes,Low Income,Standard Travel Package,Yes,No,No,0,Male
AIC3962,30,No,Low Income,Premium Travel Package,No,Yes,No,0,Male
AIC9037,36,Yes,High Income,Basic Travel Package,No,No,Yes,1,Female
AIC8244,34,No,Low Income,Basic Travel Package,Yes,Yes,No,0,Male
AIC9917,28,Yes,Middle Income,Standard Travel Package,No,No,No,0,Male
AIC1076,35,No,Middle Income,Basic Travel Package,Yes,Yes,,,Male
AIC9018,34,No,Low Income,Luxury Travel Package,No,No,Yes,4,Male
AIC0761,34,No,Middle Income,Ultimate Travel Package,No,No,No,0,Female
AIC6641,37,No,Low Income,Exclusive Travel Package,No,Yes,Yes,6,Female
AIC8395,30,No,Low Income,Basic Travel Package,Yes,Yes,No,0,Male
AIC1370,30,No,High Income,Basic Travel Package,Yes,No,Yes,1,Male
AIC0022,31,No,Middle Income,Basic Travel Package,No,Yes,No,0,Male
AIC2671,37,Yes,Low Income,Standard Travel Package,Yes,No,No,0,Male
AIC2303,30,No,Middle Income,Luxury Travel Package,No,Yes,No,0,Male
AIC2946,31,Yes,High Income,Basic Travel Package,No,No,Yes,1,Male
AIC4493,34,No,Low Income,Basic Travel Package,Yes,No,Yes,1,Female
AIC4598,30,No,Middle Income,Standard Travel Package,No,No,,,Male
AIC7890,34,No,Middle Income,Basic Travel Package,No,Yes,No,0,Male
AIC8447,38,No,Low Income,Basic Travel Package,No,Yes,Yes,1,Male
AIC7819,37,No,Middle Income,Premium Travel Package,Yes,No,No,0,Male
AIC5936,30,No,Middle Income,Ultimate Travel Package,Yes,No,No,0,Male
AIC4388,28,No,Low Income,Basic Travel Package,Yes,No,No,0,Female
AIC8369,34,No,High Income,Basic Travel Package,No,No,Yes,1,Female
AIC0200,33,No,Middle Income,Exclusive Travel Package,No,Yes,No,0,Female
AIC6125,34,No,Low Income,Standard Travel Package,No,No,No,0,Male
AIC2520,27,No,Middle Income,Premium Travel Package,Yes,No,No,0,Male
AIC8188,35,Yes,High Income,Basic Travel Package,No,No,Yes,1,Male
AIC6557,30,No,Low Income,Luxury Travel Package,No,No,,,Male
AIC3052,36,No,Middle Income,Standard Travel Package,No,Yes,No,0,Male
AIC5150,34,No,Low Income,Basic Travel Package,Yes,Yes,Yes,1,Male
AIC7688,37,Yes,Low Income,Basic Travel Package,Yes,No,Yes,1,Female
AIC7930,37,No,Middle Income,Premium Travel Package,No,No,No,0,
AIC0040,36,No,Middle Income,Standard Travel Package,No,No,No,0,Male
AIC0087,27,No,Low Income,Ultimate Travel Package,No,Yes,No,0,Female
AIC9453,36,No,High Income,Luxury Travel Package,No,No,Yes,4,Female
AIC0211,28,No,Middle Income,Basic Travel Package,Yes,Yes,No,0,Male
AIC2500,30,No,Low Income,Standard Travel Package,No,No,No,0,Male
AIC2357,27,No,Middle Income,Premium Travel Package,No,No,No,0,Male
AIC3918,37,Yes,High Income,Exclusive Travel Package,No,Yes,Yes,6,Male
AIC3676,27,No,Low Income,Basic Travel Package,Yes,No,No,0,Male
AIC2724,38,No,Middle Income,Standard Travel Package,Yes,No,No,0,Male
AIC2021,30,No,Middle Income,Luxury Travel Package,No,Yes,No,0,Male
AIC0891,34,No,Low Income,Basic Travel Package,No,No,Yes,1,Male
AIC8294,34,Yes,Low Income,Premium Travel Package,No,Yes,Yes,3,Female
AIC7521,31,No,Middle Income,Standard Travel Package,No,No,No,0,Female
AIC8353,34,No,Low Income,Basic Travel Package,Yes,No,No,0,Male
AIC2723,30,No,High Income,Ultimate Travel Package,No,No,Yes,5,Male
AIC2888,31,No,Middle Income,Basic Travel Package,No,Yes,No,0,Male
AIC3199,28,Yes,Low Income,Luxury Travel Package,Yes,Yes,No,0,Male
AIC6108,30,No,Middle Income,Premium Travel Package,Yes,Yes,,,Female
AIC2088,37,Yes,High Income,Basic Travel Package,Yes,No,Yes,1,Female
AIC4313,36,No,Low Income,Basic Travel Package,No,No,No,0,Male
AIC3272,36,No,Middle Income,Standard Travel Package,No,No,No,0,Female
AIC7246,34,No,Middle Income,Exclusive Travel Package,No,Yes,No,0,Male
AIC4571,35,No,Low Income,Basic Travel Package,No,No,Yes,1,Male
AIC2435,30,No,Middle Income,Luxury Travel Package,Yes,No,No,0,Female
AIC9602,29,No,Middle Income,Standard Travel Package,No,No,No,0,Male
AIC8521,33,No,Low Income,Basic Travel Package,Yes,Yes,Yes,1,Male
AIC9622,28,Yes,High Income,Basic Travel Package,No,Yes,Yes,1,Male
AIC5164,33,No,Middle Income,Ultimate Travel Package,Yes,Yes,No,0,Male
AIC2230,37,Yes,Low Income,Standard Travel Package,Yes,No,,,Male
AIC6848,31,No,Middle Income,Premium Travel Package,No,No,No,0,Female
AIC0687,34,Yes,High Income,Luxury Travel Package,No,No,Yes,4,Female
AIC8437,37,No,Low Income,Basic Travel Package,No,Yes,No,0,Male
AIC1949,30,No,Low Income,Standard Travel Package,No,No,No,0,Male
AIC7249,30,No,Middle Income,Basic Travel Package,Yes,Yes,No,0,Male
AIC6667,30,Yes,Low Income,Basic Travel Package,Yes,No,Yes,1,Male
AIC9832,30,No,Middle Income,Premium Travel Package,No,No,No,0,Male
AIC6285,37,No,Middle Income,Exclusive Travel Package,No,Yes,No,0,Female
AIC0518,31,No,Low Income,Luxury Travel Package,Yes,No,No,0,Male
AIC7590,34,No,High Income,Basic Travel Package,Yes,No,Yes,1,Female
AIC1553,34,No,Low Income,Basic Travel Package,No,Yes,Yes,1,Female
AIC7263,34,No,Low Income,Ultimate Travel Package,No,No,No,0,Female
AIC7486,28,No,Middle Income,Premium Travel Package,No,Yes,No,0,Male
AIC7060,27,Yes,High Income,Basic Travel Package,No,No,Yes,1,Female
AIC2722,30,No,Low Income,Basic Travel Package,Yes,No,No,0,Male
AIC3030,37,No,Middle Income,Luxury Travel Package,No,No,No,0,Male
AIC8045,35,No,Middle Income,Basic Travel Package,No,Yes,No,0,Male
AIC3449,27,Yes,Low Income,Basic Travel Package,No,Yes,Yes,1,Male
AIC2545,35,No,Middle Income,Premium Travel Package,Yes,No,No,0,Male
AIC8825,30,No,Middle Income,Standard Travel Package,Yes,No,No,0,Female
AIC5562,37,No,Low Income,Basic Travel Package,No,Yes,No,0,Female
AIC7926,30,No,High Income,Basic Travel Package,No,No,Yes,1,Female
AIC9983,29,No,Middle Income,Exclusive Travel Package,No,Yes,No,0,Female
AIC6313,30,Yes,Low Income,Standard Travel Package,Yes,No,No,0,Male
AIC8393,30,No,Low Income,Ultimate Travel Package,Yes,No,No,0,Male
AIC7350,36,Yes,High Income,Basic Travel Package,No,No,Yes,1,Female
AIC4377,37,No,Low Income,Basic Travel Package,No,No,No,0,Male
AIC6141,28,Yes,Middle Income,Standard Travel Package,No,Yes,No,0,Male
AIC0322,30,No,Middle Income,Basic Travel Package,Yes,Yes,No,0,Male
AIC2433,31,Yes,Low Income,Luxury Travel Package,Yes,No,Yes,4,Male
AIC2662,31,No,Middle Income,Premium Travel Package,No,No,No,0,Male
AIC7137,31,No,Low Income,Standard Travel Package,No,No,No,0,Male
AIC5396,30,No,Low Income,Basic Travel Package,Yes,Yes,,,Female
AIC2995,36,No,High Income,Basic Travel Package,No,No,Yes,1,Female
AIC6622,31,No,Middle Income,Basic Travel Package,Yes,Yes,No,0,Female
AIC2553,28,Yes,Low Income,Standard Travel Package,No,No,No,0,Male
AIC6170,30,No,Middle Income,Luxury Travel Package,No,Yes,No,0,Female
AIC1870,30,Yes,High Income,Exclusive Travel Package,No,Yes,Yes,6,Female
AIC9421,37,No,Low Income,Basic Travel Package,Yes,No,Yes,1,Male
AIC7519,37,No,Middle Income,Standard Travel Package,Yes,No,No,0,Female
AIC8560,28,No,Middle Income,Basic Travel Package,No,Yes,No,0,Male
AIC5694,27,Yes,Low Income,Basic Travel Package,Yes,No,Yes,1,Female
AIC6904,34,No,Middle Income,Premium Travel Package,No,Yes,No,0,Female
AIC5196,30,No,Middle Income,Luxury Travel Package,No,No,,,Male
AIC6175,33,No,Low Income,Basic Travel Package,Yes,Yes,No,0,Female
AIC3085,31,No,High Income,Basic Travel Package,No,No,Yes,1,Male
AIC8172,31,No,Middle Income,Basic Travel Package,No,Yes,No,0,Female
AIC6548,31,No,Low Income,Standard Travel Package,No,Yes,No,0,Male
AIC5897,30,No,Middle Income,Premium Travel Package,Yes,No,No,0,Male
AIC5445,34,Yes,High Income,Basic Travel Package,Yes,No,Yes,1,Female
AIC8142,34,No,Low Income,Ultimate Travel Package,Yes,No,No,0,
AIC5959,34,No,Middle Income,Standard Travel Package,No,No,No,0,Female
AIC9583,30,No,Low Income,Exclusive Travel Package,No,Yes,No,0,Male
AIC1631,28,Yes,Low Income,Basic Travel Package,No,No,Yes,1,Male
AIC5277,35,No,Middle Income,Premium Travel Package,Yes,No,,,Male
AIC6390,29,No,Middle Income,Standard Travel Package,No,No,No,0,Male
AIC9541,35,No,Low Income,Basic Travel Package,No,No,No,0,Male
AIC0737,31,No,High Income,Luxury Travel Package,No,Yes,Yes,4,Female
AIC9817,35,No,Middle Income,Basic Travel Package,Yes,Yes,No,0,Male
AIC7659,29,Yes,Low Income,Standard Travel Package,Yes,No,No,0,Male
AIC2484,34,No,Middle Income,Premium Travel Package,No,Yes,No,0,Male
AIC8042,31,Yes,High Income,Basic Travel Package,No,No,Yes,1,Male
AIC0431,30,No,Low Income,Basic Travel Package,No,Yes,No,0,Female
AIC3946,30,No,Middle Income,Ultimate Travel Package,No,No,No,0,Male
AIC1936,30,No,Middle Income,Luxury Travel Package,Yes,Yes,No,0,Female
AIC7363,27,Yes,Low Income,Basic Travel Package,No,No,Yes,1,Male
AIC6479,30,No,Low Income,Premium Travel Package,No,No,No,0,Male
AIC4003,30,No,Middle Income,Exclusive Travel Package,No,Yes,No,0,Male
AIC6813,31,No,Low Income,Basic Travel Package,Yes,Yes,No,0,Male
AIC1919,31,No,High Income,Basic Travel Package,Yes,No,Yes,1,Female
AIC0121,30,No,Middle Income,Basic Travel Package,No,Yes,No,0,Male
AIC3318,38,No,Low Income,Luxury Travel Package,No,No,No,0,Male
AIC8108,30,No,Middle Income,Premium Travel Package,No,Yes,No,0,Female
AIC1504,27,Yes,High Income,Basic Travel Package,No,No,Yes,1,Female
AIC0134,35,No,Low Income,Basic Travel Package,Yes,No,No,0,Male
AIC5159,28,Yes,Middle Income,Standard Travel Package,No,No,No,0,Male
AIC5382,34,No,Middle Income,Ultimate Travel Package,No,Yes,,,Female
AIC7600,30,Yes,Low Income,Basic Travel Package,Yes,Yes,Yes,1,Female
AIC7372,33,No,Middle Income,Luxury Travel Package,Yes,No,No,0,Male
AIC5464,34,No,Middle Income,Standard Travel Package,Yes,No,No,0,Female
AIC3451,27,No,Low Income,Basic Travel Package,No,No,No,0,Male
AIC1668,30,No,High Income,Basic Travel Package,No,No,Yes,1,Female
AIC7274,30,No,Middle Income,Exclusive Travel Package,No,Yes,No,0,Male
AIC0421,31,No,Low Income,Standard Travel Package,No,No,No,0,Male
AIC8000,30,No,Middle Income,Premium Travel Package,Yes,Yes,No,0,Male
AIC9146,27,Yes,High Income,Luxury Travel Package,No,No,Yes,4,Male
AIC3790,30,No,Low Income,Basic Travel Package,Yes,No,No,0,Male
AIC4777,37,No,Low Income,Standard Travel Package,No,Yes,Yes,2,Female
AIC4575,30,No,Middle Income,Basic Travel Package,Yes,Yes,No,0,Female
AIC1727,30,Yes,Low Income,Ultimate Travel Package,Yes,No,Yes,5,Female
AIC7109,34,No,Middle Income,Premium Travel Package,No,No,No,0,Male
AIC2605,29,No,Middle Income,Standard Travel Package,No,No,No,0,Female
AIC3921,34,No,Low Income,Luxury Travel Package,No,Yes,No,0,Female
AIC6418,37,No,High Income,Basic Travel Package,No,No,Yes,1,Female
AIC9513,37,No,Low Income,Basic Travel Package,Yes,Yes,Yes,1,Male
AIC8433,35,Yes,Low Income,Standard Travel Package,Yes,No,No,0,Male
AIC2516,30,No,Middle Income,Premium Travel Package,No,No,No,0,Female
AIC7408,36,Yes,High Income,Exclusive Travel Package,No,Yes,Yes,6,Female
AIC5644,30,No,Low Income,Basic Travel Package,Yes,No,,,Male
AIC7089,34,No,Middle Income,Luxury Travel Package,Yes,No,No,0,Female
AIC0033,29,No,Middle Income,Basic Travel Package,No,Yes,No,0,Female
AIC8068,27,Yes,Low Income,Basic Travel Package,No,No,Yes,1,Female
AIC9754,34,No,Middle Income,Ultimate Travel Package,No,Yes,No,0,Female
AIC8334,30,No,Middle Income,Standard Travel Package,No,No,No,0,Female
AIC9087,29,No,Low Income,Basic Travel Package,Yes,No,No,0,Female
AIC2336,28,Yes,High Income,Basic Travel Package,No,No,Yes,1,Female
AIC9406,37,No,Middle Income,Luxury Travel Package,No,Yes,No,0,Male
AIC2008,33,No,Low Income,Standard Travel Package,No,Yes,No,0,Female
AIC0247,37,Yes,Low Income,Premium Travel Package,Yes,Yes,Yes,3,Female
AIC9577,30,Yes,High Income,Basic Travel Package,Yes,No,Yes,1,Male
AIC3899,35,No,Low Income,Basic Travel Package,No,No,No,0,Male
AIC8127,28,Yes,Middle Income,Standard Travel Package,No,No,No,0,Female
AIC5966,30,No,Middle Income,Exclusive Travel Package,No,Yes,No,0,Male
AIC2450,28,Yes,Low Income,Luxury Travel Package,Yes,No,Yes,4,
AIC9758,38,No,Middle Income,Premium Travel Package,Yes,No,No,0,Male
AIC6028,27,Yes,Low Income,Ultimate Travel Package,No,No,No,0,Male
AIC3999,27,No,Low Income,Basic Travel Package,No,No,No,0,Female
AIC1663,30,No,High Income,Basic Travel Package,No,Yes,Yes,1,Male
AIC7771,30,No,Middle Income,Basic Travel Package,Yes,Yes,No,0,Female
AIC8310,30,Yes,Low Income,Standard Travel Package,Yes,No,No,0,Female
AIC8803,28,No,Middle Income,Luxury Travel Package,No,No,,,Male
AIC1811,28,Yes,High Income,Basic Travel Package,No,No,Yes,1,Male
AIC6237,29,No,Low Income,Basic Travel Package,Yes,Yes,No,0,
AIC1802,33,No,Middle Income,Standard Travel Package,No,No,No,0,Male
AIC6882,30,No,Middle Income,Basic Travel Package,Yes,Yes,No,0,
AIC4438,37,No,Low Income,Basic Travel Package,No,No,Yes,1,Female
AIC3077,36,No,Middle Income,Premium Travel Package,No,No,No,0,Female
AIC9737,27,Yes,Middle Income,Exclusive Travel Package,No,Yes,No,0,Male
AIC4132,37,Yes,Low Income,Ultimate Travel Package,Yes,No,No,0,Female
AIC3575,31,No,High Income,Basic Travel Package,Yes,No,Yes,1,Female
AIC1362,27,No,Middle Income,Basic Travel Package,No,Yes,No,0,Female
AIC8588,33,Yes,Low Income,Standard Travel Package,Yes,No,,,Male
AIC6713,29,No,Middle Income,Premium Travel Package,No,Yes,No,0,Female
AIC6496,34,Yes,High Income,Basic Travel Package,No,No,Yes,1,Female
AIC4448,30,No,Low Income,Luxury Travel Package,Yes,No,No,0,Male
AIC0062,30,No,Middle Income,Standard Travel Package,No,No,No,0,Male
AIC9724,35,No,Low Income,Basic Travel Package,No,Yes,Yes,1,Female
AIC0145,31,No,Low Income,Basic Travel Package,No,Yes,Yes,1,Male
AIC2098,27,No,Middle Income,Premium Travel Package,Yes,No,No,0,Male
AIC8854,34,No,Middle Income,Standard Travel Package,Yes,No,No,0,Male
AIC6059,31,No,Low Income,Basic Travel Package,Yes,Yes,No,0,Female
AIC4826,27,Yes,High Income,Ultimate Travel Package,No,No,Yes,5,Male
AIC6684,30,No,Middle Income,Exclusive Travel Package,No,Yes,,,Female
AIC7251,29,No,Low Income,Standard Travel Package,No,No,No,0,Female
AIC5722,30,No,Middle Income,Premium Travel Package,Yes,No,No,0,Female
AIC4570,28,Yes,High Income,Basic Travel Package,No,No,Yes,1,Male
AIC3747,29,No,Low Income,Basic Travel Package,No,No,No,0,Female
AIC6553,36,No,Middle Income,Standard Travel Package,No,Yes,No,0,Male
AIC7971,37,No,Middle Income,Luxury Travel Package,Yes,Yes,No,0,Male
AIC2899,30,Yes,Low Income,Basic Travel Package,Yes,No,Yes,1,Female
AIC8337,28,No,Low Income,Premium Travel Package,No,No,No,0,Male
AIC0900,34,No,Middle Income,Standard Travel Package,No,No,No,0,Female
AIC9449,38,No,Low Income,Basic Travel Package,No,Yes,No,0,Male
AIC4164,30,No,High Income,Basic Travel Package,No,No,Yes,1,Female
AIC6079,30,No,Middle Income,Ultimate Travel Package,Yes,Yes,No,0,Female
AIC3569,33,No,Low Income,Luxury Travel Package,No,No,No,0,Female
AIC6739,34,No,Middle Income,Premium Travel Package,No,Yes,No,0,Male
AIC8003,34,Yes,High Income,Exclusive Travel Package,No,Yes,Yes,6,Male
AIC0084,37,No,Low Income,Basic Travel Package,Yes,No,No,0,Female
AIC9028,37,No,Middle Income,Standard Travel Package,Yes,No,No,0,Male
AIC8828,37,No,Middle Income,Basic Travel Package,No,Yes,No,0,Female
AIC8664,37,No,Low Income,Basic Travel Package,No,No,Yes,1,Female
AIC5776,31,No,Middle Income,Luxury Travel Package,No,Yes,No,0,Male
AIC2708,34,No,Middle Income,Standard Travel Package,No,No,No,0,Female
AIC3820,30,No,Low Income,Basic Travel Package,Yes,Yes,,,Male
AIC9688,34,No,High Income,Basic Travel Package,No,No,Yes,1,Female
AIC3488,37,No,Middle Income,Basic Travel Package,No,Yes,No,0,Female
AIC1259,33,Yes,Low Income,Ultimate Travel Package,Yes,Yes,No,0,Female
AIC4150,28,No,Middle Income,Premium Travel Package,Yes,No,No,0,Male
AIC7989,33,Yes,High Income,Luxury Travel Package,Yes,No,Yes,4,Male
AIC4137,31,No,Low Income,Basic Travel Package,No,No,No,0,Male
AIC6296,28,Yes,Low Income,Standard Travel Package,No,No,No,0,Female
AIC7388,29,No,Middle Income,Exclusive Travel Package,No,Yes,No,0,Female
AIC8954,38,No,Low Income,Basic Travel Package,No,No,Yes,1,Female
AIC0718,36,No,Middle Income,Premium Travel Package,Yes,No,No,0,Male
AIC9229,28,Yes,Middle Income,Standard Travel Package,No,No,,,Male
AIC4808,29,No,Low Income,Luxury Travel Package,Yes,No,No,0,Male
AIC3401,30,No,High Income,Basic Travel Package,No,Yes,Yes,1,Female
AIC5156,34,No,Low Income,Basic Travel Package,Yes,Yes,Yes,1,Female
AIC5338,29,Yes,Low Income,Standard Travel Package,Yes,No,No,0,Male
AIC4588,37,Yes,Middle Income,Ultimate Travel Package,No,Yes,No,0,Male
AIC9553,30,Yes,High Income,Basic Travel Package,No,No,Yes,1,Female
AIC0202,37,No,Low Income,Basic Travel Package,No,Yes,No,0,Male
AIC1742,30,No,Middle Income,Luxury Travel Package,No,No,No,0,Male
AIC1584,31,No,Middle Income,Basic Travel Package,Yes,Yes,No,0,Female
AIC2642,30,Yes,Low Income,Basic Travel Package,Yes,No,Yes,1,Male
AIC7131,30,No,Middle Income,Premium Travel Package,No,No,,,Male
AIC6400,37,No,Middle Income,Exclusive Travel Package,No,Yes,No,0,Female
AIC9155,37,No,Low Income,Basic Travel Package,Yes,Yes,No,0,Female
AIC9455,36,No,High Income,Basic Travel Package,Yes,No,Yes,1,Female
AIC7120,31,No,Middle Income,Luxury Travel Package,No,Yes,No,0,Male
AIC4668,36,No,Low Income,Standard Travel Package,No,No,No,0,Male
AIC2536,28,No,Low Income,Premium Travel Package,No,Yes,No,0,Male
AIC7365,30,Yes,High Income,Ultimate Travel Package,No,No,Yes,5,Male
AIC7664,28,No,Low Income,Basic Travel Package,Yes,No,No,0,Female
AIC3205,38,No,Middle Income,Standard Travel Package,No,No,No,0,Male
AIC0947,31,No,Middle Income,Basic Travel Package,No,Yes,No,0,Male
AIC5916,29,No,Low Income,Luxury Travel Package,No,Yes,Yes,4,Male
AIC2988,34,No,Middle Income,Premium Travel Package,Yes,No,No,0,Female
AIC0114,36,No,Low Income,Standard Travel Package,Yes,No,Yes,2,Female
AIC4828,37,No,Low Income,Basic Travel Package,No,No,No,0,Male
AIC5544,29,No,High Income,Basic Travel Package,No,No,Yes,1,Female
AIC8458,37,No,Middle Income,Exclusive Travel Package,No,Yes,No,0,Female
AIC1216,38,Yes,Low Income,Standard Travel Package,Yes,No,No,0,Female
AIC0618,30,No,Middle Income,Luxury Travel Package,Yes,Yes,No,0,Female
AIC4774,37,Yes,High Income,Basic Travel Package,No,No,Yes,1,Female
AIC6156,35,Yes,Low Income,Ultimate Travel Package,No,No,Yes,5,Female
AIC0942,28,Yes,Middle Income,Standard Travel Package,No,Yes,No,0,Male
AIC1728,31,No,Middle Income,Basic Travel Package,Yes,Yes,,,Male
AIC0115,34,Yes,Low Income,Basic Travel Package,Yes,No,Yes,1,Male
AIC2882,35,No,Middle Income,Premium Travel Package,No,No,No,0,Female
AIC3614,35,No,Middle Income,Luxury Travel Package,No,No,No,0,Female
AIC8080,35,No,Low Income,Basic Travel Package,Yes,Yes,No,0,Male
AIC2773,28,Yes,High Income,Basic Travel Package,No,No,Yes,1,Female
AIC6316,28,No,Middle Income,Basic Travel Package,Yes,Yes,No,0,Male
AIC6589,28,Yes,Low Income,Standard Travel Package,No,No,No,0,Female
AIC9678,30,No,Middle Income,Premium Travel Package,No,No,No,0,Female
AIC4731,36,Yes,High Income,Exclusive Travel Package,No,Yes,Yes,6,Female
AIC5187,30,No,Low Income,Luxury Travel Package,Yes,No,No,0,Male
AIC4965,31,No,Middle Income,Ultimate Travel Package,Yes,No,,,Female
AIC1067,31,No,Low Income,Basic Travel Package,No,Yes,No,0,Male
AIC7483,28,Yes,Low Income,Basic Travel Package,Yes,No,Yes,1,Male
AIC9268,35,No,Middle Income,Premium Travel Package,No,Yes,No,0,Female
AIC7534,37,No,Middle Income,Standard Travel Package,No,No,No,0,Female
AIC9257,29,No,Low Income,Basic Travel Package,Yes,No,No,0,Female
AIC6422,34,No,High Income,Luxury Travel Package,No,No,Yes,4,Male
AIC9839,31,No,Middle Income,Basic Travel Package,No,Yes,No,0,Female
AIC1886,30,No,Low Income,Standard Travel Package,No,Yes,No,0,Male
AIC0448,35,No,Middle Income,Premium Travel Package,Yes,Yes,No,0,Male
AIC3283,38,Yes,High Income,Basic Travel Package,Yes,No,Yes,1,Female
AIC5798,27,No,Low Income,Basic Travel Package,Yes,No,,,Female
AIC9278,29,No,Middle Income,Standard Travel Package,No,No,No,0,Male
AIC2918,35,Yes,Middle Income,Exclusive Travel Package,No,Yes,No,0,Female
AIC0823,29,No,Low Income,Basic Travel Package,No,No,Yes,1,Female
AIC4076,37,Yes,Low Income,Premium Travel Package,Yes,No,Yes,3,Male
AIC9801,34,No,Middle Income,Standard Travel Package,No,No,No,0,Male
AIC6988,37,No,Low Income,Basic Travel Package,No,Yes,No,0,Female
AIC5317,28,Yes,High Income,Basic Travel Package,No,Yes,Yes,1,Female
AIC5854,36,No,Middle Income,Basic Travel Package,Yes,Yes,No,0,Male
AIC9558,30,Yes,Low Income,Luxury Travel Package,Yes,No,No,0,
AIC4626,37,No,Middle Income,Premium Travel Package,No,No,No,0,Female
AIC4447,36,Yes,High Income,Basic Travel Package,No,No,Yes,1,Female
AIC9870,33,No,Low Income,Basic Travel Package,No,Yes,No,0,Female
AIC7993,37,No,Middle Income,Standard Travel Package,No,No,No,0,Female
AIC4308,35,No,Middle Income,Basic Travel Package,Yes,Yes,No,0,Female
AIC2679,27,Yes,Low Income,Ultimate Travel Package,No,No,Yes,5,Female
AIC9772,28,No,Middle Income,Luxury Travel Package,No,No,No,0,Female
AIC6366,30,No,Middle Income,Exclusive Travel Package,No,Yes,No,0,Female
AIC1534,34,No,Low Income,Basic Travel Package,Yes,No,Yes,1,
AIC1820,35,No,High Income,Basic Travel Package,Yes,No,Yes,1,Male
AIC1344,37,No,Middle Income,Basic Travel Package,No,Yes,No,0,Male
AIC3807,27,Yes,Low Income,Standard Travel Package,No,No,No,0,Female
AIC3365,38,No,Middle Income,Premium Travel Package,No,Yes,,,Male
AIC1100,30,Yes,High Income,Luxury Travel Package,No,No,Yes,4,Male
AIC2159,30,No,Low Income,Basic Travel Package,Yes,No,No,0,Male
AIC6998,36,No,Low Income,Standard Travel Package,No,No,Yes,2,Male
AIC1149,30,No,Middle Income,Basic Travel Package,No,Yes,No,0,Male
AIC2195,34,Yes,Low Income,Basic Travel Package,Yes,Yes,Yes,1,Male
AIC9386,30,No,Middle Income,Ultimate Travel Package,Yes,No,No,0,Male
AIC6116,37,No,Middle Income,Standard Travel Package,Yes,No,No,0,Female
AIC4347,37,No,Low Income,Luxury Travel Package,No,Yes,No,0,Male
AIC1615,30,No,High Income,Basic Travel Package,No,No,Yes,1,Female
AIC1970,38,No,Low Income,Exclusive Travel Package,No,Yes,Yes,6,Male
AIC3045,36,No,Low Income,Standard Travel Package,No,No,,,Male
AIC8107,34,No,Middle Income,Premium Travel Package,Yes,No,No,0,Male
AIC5954,34,Yes,High Income,Basic Travel Package,No,No,Yes,1,
AIC0931,31,No,Low Income,Basic Travel Package,Yes,No,No,0,Female
AIC4172,30,No,Middle Income,Luxury Travel Package,No,Yes,No,0,Male
AIC0219,35,No,Middle Income,Basic Travel Package,Yes,Yes,No,0,Female
AIC2535,33,Yes,Low Income,Basic Travel Package,Yes,No,Yes,1,Female
AIC7129,30,No,Middle Income,Premium Travel Package,No,No,No,0,Female
AIC7471,31,No,Middle Income,Ultimate Travel Package,No,No,No,0,Male
AIC3871,29,No,Low Income,Basic Travel Package,No,Yes,No,0,Female
AIC6445,30,No,High Income,Basic Travel Package,No,No,Yes,1,Female
AIC7858,30,No,Middle Income,Luxury Travel Package,Yes,Yes,,,Female
AIC6672,30,Yes,Low Income,Standard Travel Package,Yes,No,No,0,Female
AIC2316,35,Yes,Low Income,Premium Travel Package,No,Yes,Yes,3,
AIC4057,31,Yes,High Income,Exclusive Travel Package,No,Yes,Yes,6,
AIC0678,27,No,Low Income,Basic Travel Package,Yes,No,No,0,
AIC0263,37,No,Middle Income,Standard Travel Package,Yes,No,No,0,Female
AIC1917,34,No,Middle Income,Basic Travel Package,No,Yes,No,0,Female
AIC2549,30,No,Low Income,Luxury Travel Package,No,No,Yes,4,Male
AIC6318,34,No,Middle Income,Premium Travel Package,No,Yes,No,0,Female
AIC6748,31,No,Low Income,Standard Travel Package,No,No,No,0,Female
AIC2145,34,No,Low Income,Ultimate Travel Package,Yes,Yes,No,0,Female
AIC5648,34,No,High Income,Basic Travel Package,No,No,Yes,1,Male
AIC1530,27,No,Middle Income,Basic Travel Package,No,Yes,No,0,Male
AIC0985,30,No,Low Income,Standard Travel Package,No,Yes,No,0,Male
AIC4140,37,No,Middle Income,Luxury Travel Package,Yes,No,No,0,Male
AIC3336,37,Yes,High Income,Basic Travel Package,Yes,No,Yes,1,Female
AIC1092,37,No,Low Income,Basic Travel Package,No,No,Yes,1,Male
AIC4046,27,Yes,Middle Income,Standard Travel Package,No,No,No,0,Male
AIC2197,30,No,Middle Income,Exclusive Travel Package,No,Yes,No,0,Male
AIC4167,31,Yes,Low Income,Basic Travel Package,Yes,No,Yes,1,Male
AIC8682,30,No,Middle Income,Premium Travel Package,Yes,No,No,0,Male
AIC6772,37,No,Middle Income,Luxury Travel Package,No,No,No,0,Female
AIC0885,34,No,Low Income,Basic Travel Package,No,No,,,Female
AIC7312,27,Yes,High Income,Ultimate Travel Package,No,Yes,Yes,5,Male
AIC6380,30,No,Middle Income,Basic Travel Package,Yes,Yes,No,0,Female
AIC1302,34,Yes,Low Income,Standard Travel Package,Yes,No,No,0,Male
AIC0671,38,No,Middle Income,Premium Travel Package,No,Yes,No,0,
AIC9968,35,Yes,High Income,Basic Travel Package,No,No,Yes,1,Female
AIC0006,34,No,Low Income,Luxury Travel Package,Yes,Yes,No,0,Female
AIC4759,29,No,Middle Income,Standard Travel Package,No,No,No,0,Female
AIC9325,31,No,Low Income,Basic Travel Package,Yes,Yes,No,0,Female
AIC8976,30,No,Low Income,Basic Travel Package,No,No,Yes,1,
AIC8130,30,No,Middle Income,Premium Travel Package,No,No,No,0,Male
AIC5591,30,No,Middle Income,Exclusive Travel Package,No,Yes,,,
AIC6089,34,No,Low Income,Basic Travel Package,Yes,Yes,No,0,Female
AIC6724,29,No,High Income,Luxury Travel Package,Yes,No,Yes,4,Female
AIC4928,27,No,Middle Income,Ultimate Travel Package,No,Yes,No,0,Female
AIC3751,29,Yes,Low Income,Standard Travel Package,Yes,No,No,0,Female
AIC4312,30,No,Middle Income,Premium Travel Package,No,Yes,No,0,Female
AIC0433,31,Yes,High Income,Basic Travel Package,No,No,Yes,1,Male
AIC6519,34,No,Low Income,Basic Travel Package,Yes,No,No,0,Female
AIC1489,31,No,Middle Income,Standard Travel Package,No,No,No,0,Male
AIC4679,36,No,Middle Income,Luxury Travel Package,No,Yes,No,0,Female
AIC9111,37,No,Low Income,Basic Travel Package,No,Yes,Yes,1,Female
AIC9056,30,No,Low Income,Premium Travel Package,Yes,No,,,Female
AIC9384,30,No,Middle Income,Standard Travel Package,Yes,No,No,0,Male
AIC0574,30,No,Low Income,Basic Travel Package,Yes,No,No,0,Female
AIC9177,34,No,High Income,Basic Travel Package,No,No,Yes,1,Female
AIC5585,36,No,Middle Income,Exclusive Travel Package,No,Yes,No,0,Male
AIC0898,30,No,Low Income,Ultimate Travel Package,No,No,No,0,Female
AIC3819,34,No,Middle Income,Premium Travel Package,Yes,Yes,No,0,Male
AIC5921,31,Yes,High Income,Basic Travel Package,No,No,Yes,1,Male
AIC5893,30,No,Low Income,Basic Travel Package,No,No,No,0,Male
AIC5786,35,No,Middle Income,Standard Travel Package,No,Yes,No,0,Male
AIC6639,36,No,Middle Income,Basic Travel Package,Yes,Yes,No,0,Male
AIC5830,27,Yes,Low Income,Basic Travel Package,Yes,No,Yes,1,Female
AIC5383,30,No,Middle Income,Luxury Travel Package,No,No,No,0,Male
AIC5254,38,No,Middle Income,Standard Travel Package,No,No,No,0,Female
AIC2608,31,No,Low Income,Basic Travel Package,No,Yes,No,0,Male
AIC3351,37,No,High Income,Basic Travel Package,No,No,Yes,1,Male
AIC4969,34,No,Middle Income,Basic Travel Package,Yes,Yes,No,0,Male
AIC0842,30,No,Low Income,Standard Travel Package,No,No,No,0,Female
AIC4621,36,Yes,Middle Income,Ultimate Travel Package,No,No,No,0,Female
AIC5228,35,Yes,High Income,Exclusive Travel Package,No,Yes,Yes,6,Female
AIC8138,30,No,Low Income,Basic Travel Package,Yes,No,No,0,Male
AIC5217,27,Yes,Low Income,Standard Travel Package,Yes,No,No,0,Female
AIC2367,34,No,Middle Income,Basic Travel Package,No,Yes,,,Male
AIC2362,30,No,Low Income,Basic Travel Package,No,No,Yes,1,Female
AIC8174,30,No,Middle Income,Premium Travel Package,No,Yes,No,0,Female
AIC7810,30,No,Middle Income,Standard Travel Package,No,No,No,0,Male
AIC9679,30,No,Low Income,Luxury Travel Package,Yes,No,No,0,Male
AIC7767,27,Yes,High Income,Basic Travel Package,No,No,Yes,1,Female
AIC9267,36,No,Low Income,Basic Travel Package,No,Yes,Yes,1,Female
AIC2388,30,Yes,Low Income,Standard Travel Package,Yes,Yes,No,0,Female
AIC3192,34,No,Middle Income,Premium Travel Package,Yes,Yes,No,0,Male
AIC5674,34,Yes,High Income,Ultimate Travel Package,Yes,No,Yes,5,Female
AIC3423,37,No,Low Income,Basic Travel Package,No,No,No,0,Male
AIC8348,27,Yes,Middle Income,Luxury Travel Package,No,No,,,Male
AIC7609,37,No,Middle Income,Exclusive Travel Package,No,Yes,No,0,Female
AIC3929,30,No,Low Income,Basic Travel Package,No,No,Yes,1,Female
AIC0046,37,No,Middle Income,Premium Travel Package,Yes,No,No,0,Male
AIC6264,27,Yes,Middle Income,Standard Travel Package,No,No,No,0,Female
AIC6894,31,No,Low Income,Basic Travel Package,Yes,Yes,No,0,Female
AIC3708,31,No,High Income,Basic Travel Package,No,Yes,Yes,1,Male
AIC4290,27,No,Middle Income,Luxury Travel Package,Yes,Yes,No,0,
AIC6272,27,Yes,Low Income,Standard Travel Package,Yes,No,No,0,Male
AIC5957,30,No,Low Income,Premium Travel Package,No,No,No,0,Female
AIC6733,35,Yes,High Income,Basic Travel Package,No,No,Yes,1,Female
AIC8956,28,No,Low Income,Ultimate Travel Package,No,Yes,,,Female
AIC3313,30,No,Middle Income,Standard Travel Package,No,No,No,0,Female
AIC3668,37,No,Middle Income,Basic Travel Package,Yes,Yes,No,0,Female
AIC7644,30,Yes,Low Income,Luxury Travel Package,Yes,No,Yes,4,Female
AIC4489,37,No,Middle Income,Premium Travel Package,No,No,No,0,Female
AIC3574,37,No,Low Income,Exclusive Travel Package,No,Yes,Yes,6,Female
AIC2047,30,No,Low Income,Basic Travel Package,Yes,No,No,0,Male
AIC0210,29,No,High Income,Basic Travel Package,Yes,No,Yes,1,Female
AIC4926,36,No,Middle Income,Basic Travel Package,No,Yes,No,0,Female
AIC0919,30,No,Low Income,Standard Travel Package,No,No,No,0,Female
AIC8952,37,No,Middle Income,Luxury Travel Package,No,Yes,No,0,Male
AIC7431,37,Yes,High Income,Basic Travel Package,No,No,Yes,1,Male
AIC8173,31,No,Low Income,Basic Travel Package,Yes,No,No,0,Female
AIC6939,27,Yes,Middle Income,Ultimate Travel Package,No,No,No,0,Female
AIC0017,30,No,Middle Income,Basic Travel Package,No,Yes,No,0,Female
AIC4004,29,No,Low Income,Basic Travel Package,No,Yes,Yes,1,Female
AIC6417,30,No,Middle Income,Premium Travel Package,Yes,No,No,0,Female
AIC5416,31,No,Middle Income,Luxury Travel Package,Yes,No,No,0,Female
AIC2851,36,No,Low Income,Basic Travel Package,No,Yes,No,0,Female
AIC2661,34,No,High Income,Basic Travel Package,No,No,Yes,1,Female
AIC5476,34,No,Middle Income,Exclusive Travel Package,No,Yes,No,0,Female
AIC7575,30,Yes,Low Income,Standard Travel Package,Yes,No,No,0,Female
AIC8482,37,No,Middle Income,Premium Travel Package,Yes,No,,,Female
AIC2109,34,Yes,High Income,Basic Travel Package,No,No,Yes,1,Male
AIC6080,30,No,Low Income,Luxury Travel Package,No,No,No,0,Male
AIC1405,38,No,Middle Income,Standard Travel Package,No,Yes,No,0,Male
AIC9816,28,No,Low Income,Ultimate Travel Package,Yes,Yes,No,0,Male
AIC1459,27,Yes,Low Income,Basic Travel Package,Yes,No,Yes,1,Male
AIC7779,28,No,Middle Income,Premium Travel Package,No,No,No,0,Female
AIC3693,37,No,Middle Income,Standard Travel Package,No,No,No,0,
AIC0719,27,No,Low Income,Basic Travel Package,Yes,Yes,No,0,Male
AIC4718,38,No,High Income,Luxury Travel Package,No,No,Yes,4,Male
AIC1547,28,No,Middle Income,Basic Travel Package,Yes,Yes,No,0,Male
AIC2551,36,No,Low Income,Standard Travel Package,No,No,Yes,2,Female
AIC0237,37,No,Middle Income,Premium Travel Package,No,Yes,No,0,Female
AIC1376,28,Yes,High Income,Exclusive Travel Package,No,Yes,Yes,6,Female
AIC9440,30,No,Low Income,Basic Travel Package,Yes,No,No,0,Male
AIC9975,28,Yes,Middle Income,Standard Travel Package,Yes,No,No,0,Female
AIC8591,30,No,Middle Income,Luxury Travel Package,No,Yes,No,0,Male
AIC8913,27,Yes,Low Income,Ultimate Travel Package,Yes,No,Yes,5,Male
AIC9872,30,No,Low Income,Premium Travel Package,No,Yes,No,0,Female
AIC7000,28,Yes,Middle Income,Standard Travel Package,No,No,No,0,Female
AIC0846,30,No,Low Income,Basic Travel Package,Yes,Yes,No,0,Female
AIC0670,27,Yes,High Income,Basic Travel Package,No,No,Yes,1,Male
AIC8550,34,No,Middle Income,Basic Travel Package,No,Yes,,,Female
AIC3122,37,No,Low Income,Luxury Travel Package,No,Yes,No,0,Male
AIC6020,36,No,Middle Income,Premium Travel Package,Yes,No,No,0,Female
AIC3659,37,Yes,High Income,Basic Travel Package,Yes,No,Yes,1,Male
AIC4048,31,No,Low Income,Basic Travel Package,Yes,No,No,0,Male
AIC3232,37,No,Middle Income,Standard Travel Package,No,No,No,0,
AIC1233,37,No,Middle Income,Exclusive Travel Package,No,Yes,No,0,Male
AIC3622,31,No,Low Income,Basic Travel Package,No,No,Yes,1,Male
AIC8298,35,Yes,Middle Income,Ultimate Travel Package,Yes,No,No,0,Male
AIC7462,30,No,Middle Income,Standard Travel Package,No,No,No,0,Male
AIC1793,36,No,Low Income,Basic Travel Package,No,No,Yes,1,Male
AIC9665,29,No,High Income,Basic Travel Package,No,Yes,Yes,1,Female
AIC3308,36,No,Middle Income,Basic Travel Package,Yes,Yes,No,0,Male
AIC5810,37,Yes,Low Income,Standard Travel Package,Yes,No,No,0,
AIC8407,30,No,Middle Income,Premium Travel Package,No,Yes,No,0,
AIC2664,33,Yes,High Income,Luxury Travel Package,No,No,Yes,4,Male
AIC5109,31,No,Low Income,Basic Travel Package,No,Yes,No,0,Male
AIC4348,30,No,Low Income,Standard Travel Package,No,No,No,0,Female
AIC1005,37,No,Middle Income,Basic Travel Package,Yes,Yes,No,0,Female
AIC2757,31,No,Low Income,Basic Travel Package,No,No,Yes,1,Male
AIC9373,37,No,Middle Income,Premium Travel Package,No,No,No,0,Female
AIC5748,34,No,Middle Income,Exclusive Travel Package,No,Yes,No,0,Male
AIC7376,28,No,Low Income,Luxury Travel Package,Yes,Yes,,,Female
AIC4025,30,No,High Income,Basic Travel Package,Yes,No,Yes,1,Male
AIC6613,31,No,Low Income,Basic Travel Package,No,Yes,No,0,Male
AIC7390,35,No,Low Income,Standard Travel Package,No,No,No,0,Male
AIC1168,28,No,Middle Income,Premium Travel Package,No,Yes,No,0,Female
AIC8489,34,Yes,High Income,Basic Travel Package,No,No,Yes,1,Female
AIC1371,30,No,Low Income,Basic Travel Package,Yes,No,No,0,Female
AIC9561,34,No,Middle Income,Luxury Travel Package,No,No,No,0,Male
AIC6788,31,No,Middle Income,Basic Travel Package,No,Yes,No,0,Male
AIC1923,30,Yes,Low Income,Basic Travel Package,Yes,Yes,Yes,1,Male
AIC4560,30,No,Middle Income,Premium Travel Package,Yes,No,No,0,Female
AIC4665,35,No,Middle Income,Standard Travel Package,Yes,No,,,Male
AIC5163,30,No,Low Income,Ultimate Travel Package,No,No,No,0,Male
AIC1962,30,No,High Income,Basic Travel Package,No,No,Yes,1,Male
AIC5281,34,No,Middle Income,Exclusive Travel Package,No,Yes,No,0,Female
AIC4401,34,No,Low Income,Standard Travel Package,No,No,No,0,Female
AIC3374,31,No,Low Income,Premium Travel Package,Yes,Yes,No,0,Male
AIC9383,29,Yes,High Income,Basic Travel Package,No,No,Yes,1,Male
AIC2004,30,No,Low Income,Basic Travel Package,Yes,No,No,0,Male
AIC4580,29,No,Middle Income,Standard Travel Package,No,Yes,No,0,Male
AIC6257,34,No,Middle Income,Basic Travel Package,Yes,Yes,No,0,Female
AIC9534,34,Yes,Low Income,Luxury Travel Package,Yes,No,Yes,4,
AIC8945,31,No,Middle Income,Premium Travel Package,No,No,,,Female
AIC6643,27,Yes,Low Income,Standard Travel Package,No,No,No,0,Female
AIC3677,38,No,Low Income,Basic Travel Package,No,Yes,No,0,Female
AIC6462,30,No,High Income,Ultimate Travel Package,No,No,Yes,5,Male
AIC6359,38,No,Middle Income,Basic Travel Package,Yes,Yes,No,0,Female
AIC9755,36,Yes,Low Income,Standard Travel Package,Yes,No,No,0,Female
AIC6584,35,No,Middle Income,Luxury Travel Package,No,No,No,0,Female
AIC5640,28,Yes,High Income,Exclusive Travel Package,No,Yes,Yes,6,
AIC5945,34,No,Low Income,Basic Travel Package,Yes,No,Yes,1,Female
AIC7380,30,No,Middle Income,Standard Travel Package,Yes,No,No,0,Female
AIC4611,27,No,Middle Income,Basic Travel Package,No,Yes,No,0,Male
AIC3912,30,No,Low Income,Basic Travel Package,No,No,Yes,1,Male
AIC7407,31,No,Middle Income,Premium Travel Package,No,Yes,No,0,Female
AIC3887,30,No,Middle Income,Luxury Travel Package,No,No,No,0,Female
AIC6184,34,No,Low Income,Basic Travel Package,Yes,No,No,0,Female
AIC5295,31,No,High Income,Basic Travel Package,No,No,Yes,1,Female
AIC2156,29,No,Middle Income,Ultimate Travel Package,No,Yes,No,0,Female
AIC2366,34,No,Low Income,Standard Travel Package,No,Yes,No,0,Female
AIC1424,33,No,Middle Income,Premium Travel Package,Yes,Yes,No,0,Male
AIC9359,31,Yes,High Income,Basic Travel Package,Yes,No,Yes,1,Female
AIC1622,30,No,Low Income,Luxury Travel Package,No,No,No,0,Female
AIC5080,36,No,Middle Income,Standard Travel Package,No,No,No,0,Female
AIC2650,28,No,Low Income,Exclusive Travel Package,No,Yes,,,Male
AIC6679,31,Yes,Low Income,Basic Travel Package,Yes,No,Yes,1,Female
AIC7881,29,No,Middle Income,Premium Travel Package,Yes,No,No,0,Male
AIC0859,37,No,Middle Income,Standard Travel Package,No,No,No,0,Male
AIC7622,34,No,Low Income,Basic Travel Package,No,Yes,No,0,Male
AIC9610,28,Yes,High Income,Luxury Travel Package,No,Yes,Yes,4,Female
AIC1775,30,No,Middle Income,Basic Travel Package,Yes,Yes,No,0,Male
AIC8834,28,Yes,Low Income,Ultimate Travel Package,Yes,No,No,0,Male
AIC6796,29,No,Middle Income,Premium Travel Package,No,No,No,0,Male
AIC1976,30,Yes,High Income,Basic Travel Package,No,No,Yes,1,Female
AIC3556,37,No,Low Income,Basic Travel Package,Yes,Yes,No,0,Male
AIC1460,27,Yes,Middle Income,Standard Travel Package,No,No,,,Male
AIC7909,29,No,Middle Income,Luxury Travel Package,Yes,Yes,No,0,Male
AIC3637,36,No,Low Income,Basic Travel Package,No,No,Yes,1,
AIC2886,35,Yes,Low Income,Premium Travel Package,No,No,Yes,3,Female
AIC2845,28,Yes,Middle Income,Exclusive Travel Package,No,Yes,No,0,Male
AIC2436,36,No,Low Income,Basic Travel Package,Yes,No,No,0,
AIC7308,29,No,High Income,Basic Travel Package,Yes,No,Yes,1,Male
AIC8974,37,No,Middle Income,Basic Travel Package,No,Yes,No,0,Male
AIC3108,31,Yes,Low Income,Luxury Travel Package,Yes,No,No,0,Female
AIC5488,28,No,Middle Income,Ultimate Travel Package,No,Yes,No,0,Female
AIC9423,31,Yes,High Income,Basic Travel Package,No,No,Yes,1,Male
AIC2292,36,No,Low Income,Basic Travel Package,Yes,No,,,Female
AIC6854,36,No,Middle Income,Standard Travel Package,No,No,No,0,Female
AIC1753,31,No,Middle Income,Basic Travel Package,No,Yes,No,0,Male
AIC7168,30,No,Low Income,Basic Travel Package,No,Yes,Yes,1,Female
AIC6501,29,No,Middle Income,Luxury Travel Package,Yes,No,No,0,Male
AIC0577,38,No,Middle Income,Standard Travel Package,Yes,No,No,0,Male
AIC3071,38,No,Low Income,Basic Travel Package,Yes,Yes,Yes,1,Male
AIC4832,29,No,High Income,Basic Travel Package,No,No,Yes,1,Female
AIC5388,27,No,Middle Income,Exclusive Travel Package,No,Yes,No,0,Female
AIC9769,35,No,Low Income,Standard Travel Package,No,No,No,0,Female
AIC3498,30,No,Middle Income,Premium Travel Package,Yes,No,No,0,Female
AIC1313,29,Yes,High Income,Ultimate Travel Package,No,No,Yes,5,Male
AIC7944,31,No,Low Income,Basic Travel Package,No,No,No,0,Female
AIC5834,31,No,Low Income,Standard Travel Package,No,Yes,No,0,Male
AIC5930,34,No,Middle Income,Basic Travel Package,Yes,Yes,No,0,Female
AIC1552,29,Yes,Low Income,Basic Travel Package,Yes,No,Yes,1,Male
AIC5553,37,No,Middle Income,Premium Travel Package,No,No,No,0,Female
AIC5533,36,No,Middle Income,Standard Travel Package,No,No,No,0,Female
AIC3600,34,No,Low Income,Luxury Travel Package,No,Yes,No,0,Male
AIC5298,30,No,High Income,Basic Travel Package,No,No,Yes,1,Male
AIC4055,31,No,Low Income,Basic Travel Package,Yes,Yes,No,0,Male
AIC8635,31,No,Low Income,Standard Travel Package,No,No,No,0,Male
AIC5369,31,No,Middle Income,Premium Travel Package,No,Yes,,,Female
AIC3018,37,Yes,High Income,Exclusive Travel Package,No,Yes,Yes,6,Female
AIC5453,30,No,Low Income,Ultimate Travel Package,Yes,No,No,0,Female
AIC4188,31,No,Middle Income,Luxury Travel Package,Yes,No,No,0,Female
AIC5704,38,No,Middle Income,Basic Travel Package,No,Yes,No,0,Female
AIC8795,28,Yes,Low Income,Basic Travel Package,No,No,Yes,1,Male
AIC5838,30,No,Middle Income,Premium Travel Package,No,Yes,No,0,
AIC3625,27,Yes,Middle Income,Standard Travel Package,No,No,No,0,Male
AIC7700,27,No,Low Income,Basic Travel Package,Yes,No,No,0,Female
AIC1020,30,No,High Income,Basic Travel Package,No,No,Yes,1,Female
AIC8699,36,No,Middle Income,Luxury Travel Package,No,Yes,No,0,Male
AIC1228,27,Yes,Low Income,Standard Travel Package,Yes,Yes,,,Male
AIC6046,34,Yes,Low Income,Premium Travel Package,Yes,No,Yes,3,
AIC1882,37,Yes,High Income,Basic Travel Package,Yes,No,Yes,1,Male
AIC6164,38,No,Low Income,Basic Travel Package,No,No,No,0,Female
AIC6291,37,Yes,Middle Income,Ultimate Travel Package,No,No,No,0,Male
AIC9350,37,No,Middle Income,Exclusive Travel Package,No,Yes,No,0,Female
AIC3680,37,No,Low Income,Luxury Travel Package,No,No,Yes,4,Male
AIC0082,37,No,Middle Income,Premium Travel Package,Yes,No,No,0,Female
AIC6974,36,No,Low Income,Standard Travel Package,No,No,Yes,2,Male
AIC9367,35,No,Low Income,Basic Travel Package,Yes,No,No,0,
AIC5677,30,No,High Income,Basic Travel Package,No,Yes,Yes,1,Female
AIC1747,30,No,Middle Income,Basic Travel Package,Yes,Yes,,,Female
AIC4873,30,Yes,Low Income,Standard Travel Package,Yes,No,No,0,Female
AIC4320,30,No,Middle Income,Luxury Travel Package,No,Yes,No,0,Male
AIC2768,30,Yes,High Income,Basic Travel Package,No,No,Yes,1,Female
AIC1381,34,No,Low Income,Basic Travel Package,No,Yes,Yes,1,Female
AIC9710,30,No,Middle Income,Standard Travel Package,No,No,No,0,Female
AIC7802,30,No,Middle Income,Ultimate Travel Package,Yes,Yes,No,0,Male
AIC9675,34,Yes,Low Income,Basic Travel Package,Yes,No,Yes,1,Female
AIC2997,37,No,Middle Income,Premium Travel Package,No,No,No,0,Male
AIC9767,30,No,Middle Income,Exclusive Travel Package,No,Yes,No,0,Female
AIC9609,29,No,Low Income,Basic Travel Package,Yes,Yes,No,0,Female
AIC1838,33,No,High Income,Basic Travel Package,Yes,No,Yes,1,Male
AIC7410,34,No,Middle Income,Basic Travel Package,No,Yes,No,0,Female
AIC9365,38,No,Low Income,Standard Travel Package,No,No,No,0,Female
AIC4286,31,No,Middle Income,Premium Travel Package,No,Yes,No,0,Male
AIC4663,30,Yes,High Income,Basic Travel Package,No,No,Yes,1,
AIC0367,35,No,Low Income,Luxury Travel Package,Yes,No,No,0,
AIC2504,30,No,Middle Income,Standard Travel Package,No,No,No,0,Male
AIC7973,37,No,Low Income,Basic Travel Package,No,Yes,Yes,1,Female
AIC5550,34,No,Low Income,Ultimate Travel Package,No,Yes,Yes,5,Male
AIC1352,30,No,Middle Income,Premium Travel Package,Yes,No,No,0,Female
AIC8099,29,No,Middle Income,Standard Travel Package,Yes,No,No,0,Female
AIC1272,30,No,Low Income,Basic Travel Package,No,No,,,Male
AIC7229,27,Yes,High Income,Luxury Travel Package,No,No,Yes,4,
AIC1186,30,No,Middle Income,Exclusive Travel Package,No,Yes,No,0,Male
AIC6671,36,Yes,Low Income,Standard Travel Package,Yes,No,Yes,2,Female
AIC9823,37,No,Middle Income,Premium Travel Package,Yes,Yes,No,0,Female
AIC4520,30,Yes,High Income,Basic Travel Package,No,No,Yes,1,Male
AIC8955,37,No,Low Income,Basic Travel Package,No,No,No,0,Male
AIC1183,30,No,Middle Income,Standard Travel Package,No,Yes,No,0,Female
AIC3332,27,No,Middle Income,Luxury Travel Package,Yes,Yes,No,0,Male
AIC2439,37,Yes,Low Income,Basic Travel Package,Yes,No,Yes,1,Female
AIC1230,28,No,Low Income,Ultimate Travel Package,No,No,No,0,Female
AIC8035,34,No,Middle Income,Standard Travel Package,No,No,,,Female
AIC5805,29,No,Low Income,Basic Travel Package,Yes,Yes,No,0,Female
AIC3440,37,No,High Income,Basic Travel Package,No,No,Yes,1,Female
AIC9752,28,No,Middle Income,Basic Travel Package,Yes,Yes,No,0,Male
AIC3784,30,No,Low Income,Luxury Travel Package,No,No,No,0,Male
AIC0907,35,No,Middle Income,Premium Travel Package,No,No,No,0,Male
AIC4387,30,Yes,High Income,Exclusive Travel Package,No,Yes,Yes,6,Male
AIC9122,30,No,Low Income,Basic Travel Package,Yes,No,No,0,Male
AIC7740,37,No,Middle Income,Standard Travel Package,Yes,No,No,0,Female
AIC6453,30,No,Middle Income,Basic Travel Package,No,Yes,No,0,Male
AIC8016,30,Yes,Low Income,Basic Travel Package,Yes,No,Yes,1,Male
AIC5216,28,No,Middle Income,Luxury Travel Package,No,Yes,,,Female
AIC7887,36,Yes,Middle Income,Ultimate Travel Package,No,No,No,0,Male
AIC2192,36,No,Low Income,Basic Travel Package,Yes,No,Yes,1,Male
AIC8879,29,No,High Income,Basic Travel Package,No,No,Yes,1,Male
AIC2083,35,No,Middle Income,Basic Travel Package,No,Yes,No,0,Female
AIC7332,30,No,Low Income,Standard Travel Package,No,Yes,No,0,Male
AIC1369,34,No,Middle Income,Premium Travel Package,Yes,Yes,No,0,Female
AIC0440,30,Yes,High Income,Luxury Travel Package,Yes,No,Yes,4,Male
AIC1158,33,No,Low Income,Basic Travel Package,Yes,No,No,0,Male
AIC9113,37,No,Low Income,Standard Travel Package,No,No,Yes,2,Male
AIC8721,30,No,Middle Income,Exclusive Travel Package,No,Yes,No,0,Male
AIC7381,30,No,Low Income,Basic Travel Package,No,No,Yes,1,Female
AIC4980,28,No,Middle Income,Premium Travel Package,Yes,No,No,0,Female
AIC3082,35,No,Middle Income,Standard Travel Package,No,No,No,0,Male
AIC9441,37,Yes,Low Income,Ultimate Travel Package,No,Yes,No,0,Male
AIC4105,30,No,High Income,Basic Travel Package,No,Yes,Yes,1,Female
AIC8503,30,No,Low Income,Basic Travel Package,Yes,Yes,No,0,Female
AIC1296,28,Yes,Low Income,Standard Travel Package,Yes,No,No,0,Female
AIC6223,36,No,Middle Income,Premium Travel Package,No,No,No,0,Female
AIC9019,28,Yes,High Income,Basic Travel Package,No,No,Yes,1,Male
AIC8297,30,No,Low Income,Basic Travel Package,No,Yes,No,0,Female
AIC5166,31,No,Middle Income,Luxury Travel Package,No,No,No,0,Female
AIC7533,29,No,Middle Income,Basic Travel Package,Yes,Yes,,,Female
AIC8001,33,No,Low Income,Basic Travel Package,No,No,Yes,1,Male
AIC4027,29,No,Middle Income,Premium Travel Package,No,No,No,0,Male
AIC5738,29,No,Middle Income,Exclusive Travel Package,No,Yes,No,0,Female
AIC7572,31,No,Low Income,Basic Travel Package,Yes,No,No,0,Male
AIC4745,29,No,High Income,Ultimate Travel Package,Yes,No,Yes,5,Male
AIC3208,27,No,Middle Income,Luxury Travel Package,No,Yes,No,0,Female
AIC2280,28,Yes,Low Income,Standard Travel Package,No,No,No,0,Female
AIC1051,31,No,Low Income,Premium Travel Package,No,Yes,No,0,Male
AIC8992,30,Yes,High Income,Basic Travel Package,No,No,Yes,1,Male
AIC0187,28,No,Low Income,Basic Travel Package,Yes,No,No,0,Male
AIC8755,30,No,Middle Income,Standard Travel Package,No,No,,,Male
AIC6825,27,No,Middle Income,Basic Travel Package,No,Yes,No,0,Female
AIC7558,37,Yes,Low Income,Luxury Travel Package,Yes,Yes,Yes,4,Female
AIC8675,36,No,Middle Income,Premium Travel Package,Yes,No,No,0,Female
AIC0998,30,No,Low Income,Standard Travel Package,Yes,No,No,0,Female
AIC5204,36,No,Low Income,Basic Travel Package,No,Yes,No,0,Female
AIC4995,29,No,High Income,Basic Travel Package,No,No,Yes,1,
AIC8148,36,Yes,Middle Income,Exclusive Travel Package,No,Yes,No,0,Male
AIC4349,34,No,Low Income,Standard Travel Package,No,No,No,0,Male
AIC8153,34,No,Middle Income,Luxury Travel Package,Yes,No,No,0,Male
AIC3858,29,Yes,High Income,Basic Travel Package,No,No,Yes,1,Female
AIC3936,37,No,Low Income,Basic Travel Package,Yes,No,Yes,1,Male
AIC7364,30,No,Middle Income,Standard Travel Package,No,Yes,No,0,Female
AIC2180,35,No,Middle Income,Basic Travel Package,Yes,Yes,No,0,Male
AIC0280,27,Yes,Low Income,Basic Travel Package,Yes,No,Yes,1,Male
AIC7176,36,No,Middle Income,Premium Travel Package,No,No,No,0,Female
AIC0474,35,No,Middle Income,Luxury Travel Package,No,No,No,0,Male
AIC4213,30,No,Low Income,Basic Travel Package,No,Yes,No,0,Male
AIC1564,31,No,High Income,Basic Travel Package,No,No,Yes,1,Female
AIC2104,30,No,Middle Income,Basic Travel Package,Yes,Yes,No,0,Male
AIC1443,29,Yes,Low Income,Ultimate Travel Package,Yes,No,No,0,Male
AIC0798,36,No,Middle Income,Premium Travel Package,No,Yes,No,0,Female
AIC1148,29,Yes,High Income,Exclusive Travel Package,No,Yes,Yes,6,Female
AIC1920,37,No,Low Income,Luxury Travel Package,Yes,No,No,0,Female
AIC9293,30,No,Middle Income,Standard Travel Package,Yes,No,No,0,Female
AIC2577,37,No,Low Income,Basic Travel Package,No,Yes,Yes,1,Female
AIC6061,36,No,Low Income,Basic Travel Package,No,No,Yes,1,Male
AIC3234,28,No,Middle Income,Premium Travel Package,No,Yes,No,0,
AIC5770,37,No,Middle Income,Standard Travel Package,No,No,No,0,Male
AIC6062,30,No,Low Income,Basic Travel Package,Yes,Yes,No,0,
AIC5979,30,No,High Income,Luxury Travel Package,No,No,Yes,4,
AIC3681,30,No,Middle Income,Basic Travel Package,No,Yes,No,0,Female
AIC4680,30,No,Low Income,Standard Travel Package,No,Yes,No,0,Male
AIC8229,31,No,Middle Income,Ultimate Travel Package,Yes,No,,,Female
AIC6514,30,Yes,High Income,Basic Travel Package,Yes,No,Yes,1,Male
AIC7121,29,No,Low Income,Basic Travel Package,No,No,No,0,Male
AIC3131,37,No,Middle Income,Standard Travel Package,No,No,No,0,Male
AIC9401,29,No,Middle Income,Exclusive Travel Package,No,Yes,No,0,Male
AIC5140,37,Yes,Low Income,Basic Travel Package,Yes,No,Yes,1,Male
AIC9545,36,Yes,Low Income,Premium Travel Package,Yes,No,Yes,3,Female
AIC2654,31,No,Middle Income,Standard Travel Package,No,No,No,0,Female
AIC7194,27,No,Low Income,Basic Travel Package,No,No,No,0,Female
AIC8233,33,No,High Income,Basic Travel Package,No,Yes,Yes,1,Female
AIC5569,27,No,Middle Income,Basic Travel Package,Yes,Yes,No,0,Female
AIC2495,37,Yes,Low Income,Luxury Travel Package,Yes,No,,,Male
AIC8875,30,No,Middle Income,Premium Travel Package,No,Yes,No,0,Male
AIC2730,29,Yes,High Income,Ultimate Travel Package,No,No,Yes,5,Female
AIC7732,34,No,Low Income,Basic Travel Package,Yes,Yes,No,0,Male
AIC1430,30,No,Middle Income,Standard Travel Package,No,No,No,0,Female
AIC3909,33,No,Middle Income,Basic Travel Package,Yes,Yes,No,0,Female
AIC6549,29,No,Low Income,Basic Travel Package,No,No,Yes,1,Female
AIC6477,37,No,Middle Income,Luxury Travel Package,No,No,No,0,
AIC6250,30,No,Middle Income,Exclusive Travel Package,No,Yes,No,0,Male
AIC9811,33,No,Low Income,Basic Travel Package,Yes,Yes,Yes,1,Female
AIC1888,30,No,High Income,Basic Travel Package,Yes,No,Yes,1,Female
AIC2971,30,No,Middle Income,Basic Travel Package,No,Yes,,,Male
AIC7574,36,Yes,Low Income,Standard Travel Package,Yes,No,No,0,Female
AIC5759,37,No,Middle Income,Premium Travel Package,No,Yes,No,0,Male
AIC6901,37,Yes,High Income,Luxury Travel Package,No,No,Yes,4,Female
AIC1222,37,Yes,Low Income,Ultimate Travel Package,Yes,No,No,0,Male
AIC2802,31,No,Low Income,Standard Travel Package,No,No,No,0,Female
AIC3410,31,No,Middle Income,Basic Travel Package,No,Yes,No,0,Male
AIC5352,30,No,Low Income,Basic Travel Package,No,Yes,Yes,1,Female
AIC5186,29,No,Middle Income,Premium Travel Package,Yes,No,No,0,Female
AIC4758,37,No,Middle Income,Standard Travel Package,Yes,No,No,0,Female
AIC2114,30,No,Low Income,Luxury Travel Package,Yes,No,No,0,Female
AIC3492,37,No,High Income,Basic Travel Package,No,No,Yes,1,Male
AIC5746,38,No,Low Income,Exclusive Travel Package,No,Yes,Yes,6,Male
AIC9254,30,No,Low Income,Standard Travel Package,No,No,No,0,Male
AIC4022,30,No,Middle Income,Premium Travel Package,Yes,Yes,No,0,Male
AIC2325,36,Yes,High Income,Basic Travel Package,No,No,Yes,1,Female
AIC7479,35,No,Low Income,Basic Travel Package,No,No,No,0,Female
AIC5543,31,No,Middle Income,Ultimate Travel Package,No,Yes,No,0,Male
AIC5108,30,No,Middle Income,Basic Travel Package,Yes,Yes,No,0,Female
AIC6151,29,Yes,Low Income,Basic Travel Package,Yes,No,Yes,1,Male
AIC1483,36,No,Middle Income,Premium Travel Package,No,No,No,0,Female
AIC9304,37,No,Middle Income,Standard Travel Package,No,No,No,0,Male
AIC6837,29,No,Low Income,Basic Travel Package,No,Yes,,,Female
AIC7763,28,Yes,High Income,Basic Travel Package,No,No,Yes,1,Female
AIC0921,30,No,Middle Income,Luxury Travel Package,Yes,Yes,No,0,Male
AIC0538,30,No,Low Income,Standard Travel Package,No,No,No,0,Male
AIC9167,29,No,Low Income,Premium Travel Package,No,No,No,0,Male
AIC3726,31,Yes,High Income,Exclusive Travel Package,No,Yes,Yes,6,Female
AIC1895,37,No,Low Income,Basic Travel Package,Yes,No,No,0,Female
AIC7299,30,No,Middle Income,Standard Travel Package,Yes,No,No,0,Female
AIC0982,37,Yes,Middle Income,Ultimate Travel Package,No,Yes,No,0,Male
AIC1707,33,No,Low Income,Luxury Travel Package,No,No,Yes,4,Male
AIC8806,30,No,Middle Income,Premium Travel Package,No,Yes,No,0,Male
AIC6106,31,No,Low Income,Standard Travel Package,No,No,,,Male
AIC7337,38,No,Low Income,Basic Travel Package,Yes,No,No,0,Female
AIC8524,34,No,High Income,Basic Travel Package,No,No,Yes,1,Male
AIC2257,30,No,Middle Income,Basic Travel Package,No,Yes,No,0,Male
AIC2625,35,Yes,Low Income,Standard Travel Package,Yes,Yes,No,0,Female
AIC5351,27,No,Middle Income,Luxury Travel Package,Yes,No,No,0,Male
AIC5380,29,Yes,High Income,Basic Travel Package,Yes,No,Yes,1,Male
AIC5393,29,No,Low Income,Basic Travel Package,No,No,No,0,Female
AIC7815,27,Yes,Middle Income,Standard Travel Package,No,No,No,0,Male
AIC1525,34,No,Middle Income,Exclusive Travel Package,No,Yes,No,0,Female
AIC6375,29,No,Low Income,Ultimate Travel Package,No,No,Yes,5,Female
AIC0690,30,No,Middle Income,Premium Travel Package,Yes,No,,,Female
AIC9494,31,No,Middle Income,Luxury Travel Package,No,No,No,0,Male
AIC3977,34,No,Low Income,Basic Travel Package,Yes,Yes,No,0,Female
AIC9203,31,No,High Income,Basic Travel Package,No,Yes,Yes,1,Female
AIC9780,31,No,Middle Income,Basic Travel Package,Yes,Yes,No,0,Female
AIC0836,37,Yes,Low Income,Standard Travel Package,Yes,No,No,0,Male
AIC9098,37,No,Middle Income,Premium Travel Package,No,No,No,0,Female
AIC8439,30,Yes,High Income,Basic Travel Package,No,No,Yes,1,Male
AIC9972,35,No,Low Income,Luxury Travel Package,No,Yes,No,0,Male
AIC6968,38,No,Middle Income,Standard Travel Package,No,No,No,0,
AIC4657,30,No,Low Income,Basic Travel Package,Yes,Yes,No,0,Male
AIC4415,30,Yes,Low Income,Basic Travel Package,Yes,No,Yes,1,Male
AIC0556,28,No,Middle Income,Ultimate Travel Package,No,No,No,0,Male
AIC7334,35,No,Middle Income,Exclusive Travel Package,No,Yes,No,0,Female
AIC4408,30,No,Low Income,Basic Travel Package,Yes,No,No,0,Female
AIC4260,30,No,High Income,Luxury Travel Package,Yes,No,Yes,4,Male
AIC8925,37,No,Middle Income,Basic Travel Package,No,Yes,No,0,Female
AIC4843,34,No,Low Income,Standard Travel Package,No,No,Yes,2,Female
AIC7132,34,No,Middle Income,Premium Travel Package,No,Yes,No,0,Male
AIC4129,34,Yes,High Income,Basic Travel Package,No,No,Yes,1,Female
AIC9903,33,No,Low Income,Basic Travel Package,Yes,No,No,0,Male
AIC7540,31,No,Middle Income,Standard Travel Package,No,No,No,0,Male
AIC4495,29,No,Middle Income,Luxury Travel Package,No,Yes,,,Male
AIC6911,31,No,Low Income,Basic Travel Package,No,Yes,Yes,1,Male
AIC2738,33,Yes,Low Income,Premium Travel Package,Yes,No,Yes,3,
AIC7130,29,No,Middle Income,Ultimate Travel Package,Yes,No,No,0,Male
AIC7035,37,No,Low Income,Basic Travel Package,No,Yes,No,0,Male
AIC8594,33,No,High Income,Basic Travel Package,No,No,Yes,1,Female
AIC9852,31,No,Middle Income,Exclusive Travel Package,No,Yes,No,0,Male
AIC1467,28,Yes,Low Income,Luxury Travel Package,Yes,No,No,0,Female
AIC8347,36,No,Middle Income,Premium Travel Package,Yes,No,No,0,Male
AIC7154,33,Yes,High Income,Basic Travel Package,No,No,Yes,1,Male
AIC6646,31,No,Low Income,Basic Travel Package,No,No,No,0,Male
AIC9503,27,Yes,Middle Income,Standard Travel Package,No,Yes,,,Male
AIC0784,37,No,Middle Income,Basic Travel Package,Yes,Yes,No,0,
AIC5910,29,Yes,Low Income,Basic Travel Package,Yes,No,Yes,1,Female
AIC0236,30,No,Middle Income,Luxury Travel Package,No,No,No,0,Male
AIC3617,30,No,Middle Income,Standard Travel Package,No,No,No,0,Male
AIC1746,27,No,Low Income,Ultimate Travel Package,Yes,Yes,No,0,Female
AIC9168,37,No,High Income,Basic Travel Package,No,No,Yes,1,Male
AIC4470,31,No,Middle Income,Basic Travel Package,Yes,Yes,No,0,Male
AIC4363,30,No,Low Income,Standard Travel Package,No,No,No,0,Male
AIC7414,35,No,Middle Income,Premium Travel Package,No,Yes,No,0,Female
AIC4238,31,Yes,High Income,Exclusive Travel Package,No,Yes,Yes,6,Female
AIC3183,30,No,Low Income,Basic Travel Package,Yes,No,,,Female
AIC9726,35,No,Low Income,Standard Travel Package,Yes,No,Yes,2,Female
AIC7485,37,No,Middle Income,Basic Travel Package,No,Yes,No,0,Female
AIC1019,28,Yes,Low Income,Basic Travel Package,Yes,No,Yes,1,
AIC9392,37,No,Middle Income,Premium Travel Package,No,Yes,No,0,Male
AIC8888,29,No,Middle Income,Standard Travel Package,No,No,No,0,
AIC6890,37,No,Low Income,Luxury Travel Package,Yes,Yes,No,0,Male
AIC6780,34,No,High Income,Ultimate Travel Package,No,No,Yes,5,
AIC7861,36,No,Low Income,Basic Travel Package,No,Yes,Yes,1,Female
AIC5787,38,No,Low Income,Standard Travel Package,No,Yes,No,0,Female
AIC2634,30,No,Middle Income,Premium Travel Package,Yes,No,No,0,Female
AIC3949,31,Yes,High Income,Basic Travel Package,Yes,No,Yes,1,Male
AIC7159,31,No,Low Income,Basic Travel Package,Yes,No,No,0,Female
AIC9510,28,Yes,Middle Income,Luxury Travel Package,No,No,No,0,Female
AIC8823,30,No,Middle Income,Exclusive Travel Package,No,Yes,No,0,Female
AIC6050,37,No,Low Income,Basic Travel Package,No,No,Yes,1,Female
AIC2408,31,No,Middle Income,Premium Travel Package,Yes,No,No,0,Male
AIC1639,31,No,Middle Income,Standard Travel Package,No,No,No,0,Female
AIC0315,36,No,Low Income,Basic Travel Package,No,No,No,0,Male
AIC9461,30,No,High Income,Basic Travel Package,No,Yes,Yes,1,Female
AIC2462,30,No,Middle Income,Ultimate Travel Package,Yes,Yes,No,0,Female
AIC8537,31,Yes,Low Income,Standard Travel Package,Yes,No,No,0,Female
AIC3528,38,Yes,Low Income,Premium Travel Package,No,Yes,Yes,3,Male
AIC3915,37,Yes,High Income,Basic Travel Package,No,No,Yes,1,Male
AIC6777,35,No,Low Income,Basic Travel Package,No,Yes,No,0,Female
AIC6769,30,No,Middle Income,Standard Travel Package,No,No,No,0,Male
AIC4836,29,No,Middle Income,Basic Travel Package,Yes,Yes,No,0,Male
AIC4089,34,No,Low Income,Luxury Travel Package,No,No,Yes,4,Female
AIC6376,35,No,Middle Income,Premium Travel Package,No,No,No,0,Male
AIC5002,28,Yes,Low Income,Exclusive Travel Package,No,Yes,No,0,Female
AIC0201,37,No,Low Income,Basic Travel Package,Yes,Yes,No,0,Female
AIC3903,30,No,High Income,Basic Travel Package,Yes,No,Yes,1,Male
AIC5638,29,No,Middle Income,Basic Travel Package,No,Yes,No,0,Female
AIC9603,30,No,Low Income,Ultimate Travel Package,No,No,,,Female
AIC0313,37,No,Middle Income,Luxury Travel Package,No,Yes,No,0,Female
AIC6031,33,Yes,High Income,Basic Travel Package,No,No,Yes,1,Female
AIC9887,30,No,Low Income,Basic Travel Package,Yes,No,No,0,Male
AIC5075,31,No,Middle Income,Standard Travel Package,No,No,No,0,Female
AIC1682,28,No,Middle Income,Basic Travel Package,No,Yes,No,0,Female
AIC8072,34,Yes,Low Income,Basic Travel Package,Yes,Yes,Yes,1,Male
AIC6057,34,No,Middle Income,Premium Travel Package,Yes,No,No,0,Male
AIC5236,36,No,Middle Income,Luxury Travel Package,Yes,No,No,0,Male
AIC0916,30,No,Low Income,Basic Travel Package,No,No,No,0,Male
AIC6558,36,No,High Income,Basic Travel Package,No,No,Yes,1,Female
AIC0861,38,No,Middle Income,Exclusive Travel Package,No,Yes,,,Male
AIC0214,27,Yes,Low Income,Standard Travel Package,No,No,No,0,Male
AIC7140,29,No,Middle Income,Ultimate Travel Package,Yes,Yes,No,0,Female
AIC2369,35,Yes,High Income,Basic Travel Package,No,No,Yes,1,Male
AIC2246,30,No,Low Income,Luxury Travel Package,Yes,No,No,0,Female
AIC8492,31,No,Middle Income,Standard Travel Package,No,Yes,No,0,Female
AIC6530,30,No,Low Income,Basic Travel Package,Yes,Yes,No,0,Female
AIC2718,28,Yes,Low Income,Basic Travel Package,Yes,No,Yes,1,Male
AIC8008,28,No,Middle Income,Premium Travel Package,No,No,No,0,Male
AIC0855,31,No,Middle Income,Standard Travel Package,No,No,No,0,Male
AIC8587,30,No,Low Income,Basic Travel Package,No,Yes,No,0,
AIC9198,31,No,High Income,Luxury Travel Package,No,No,Yes,4,Female
AIC2382,28,No,Middle Income,Basic Travel Package,Yes,Yes,No,0,Female
AIC3123,30,Yes,Low Income,Standard Travel Package,Yes,No,No,0,
AIC5360,38,No,Middle Income,Premium Travel Package,No,No,No,0,Female
AIC9078,35,Yes,High Income,Exclusive Travel Package,No,Yes,Yes,6,Female
AIC9642,34,No,Low Income,Basic Travel Package,Yes,No,No,0,
AIC5665,30,No,Middle Income,Standard Travel Package,Yes,No,No,0,Male
AIC2919,30,No,Middle Income,Luxury Travel Package,No,Yes,No,0,Male
AIC5679,38,No,Low Income,Basic Travel Package,No,No,Yes,1,Female
AIC1384,36,Yes,Low Income,Premium Travel Package,No,Yes,Yes,3,Male
AIC5011,31,No,Middle Income,Standard Travel Package,No,No,No,0,Female
AIC3714,31,No,Low Income,Basic Travel Package,Yes,No,,,Female
AIC8831,34,No,High Income,Basic Travel Package,No,No,Yes,1,
AIC3223,33,No,Middle Income,Basic Travel Package,No,Yes,No,0,Female
AIC5148,30,No,Low Income,Luxury Travel Package,No,Yes,No,0,Female
AIC7216,36,No,Middle Income,Premium Travel Package,Yes,Yes,No,0,Male
AIC3771,34,Yes,High Income,Basic Travel Package,Yes,No,Yes,1,Female
AIC6952,34,No,Low Income,Ultimate Travel Package,No,No,No,0,Male
AIC8164,27,Yes,Middle Income,Standard Travel Package,No,No,No,0,Female
AIC8270,31,No,Middle Income,Exclusive Travel Package,No,Yes,No,0,Female
AIC9897,36,Yes,Low Income,Basic Travel Package,Yes,No,Yes,1,Female
AIC0013,37,No,Middle Income,Luxury Travel Package,Yes,No,No,0,Female
AIC6953,30,No,Middle Income,Standard Travel Package,No,No,,,Female
AIC5350,30,No,Low Income,Basic Travel Package,No,Yes,No,0,Female
AIC2338,30,No,High Income,Basic Travel Package,No,Yes,Yes,1,Female
AIC7072,37,No,Middle Income,Basic Travel Package,Yes,Yes,No,0,Male
AIC8811,28,Yes,Low Income,Standard Travel Package,Yes,No,No,0,Female
AIC8025,37,No,Middle Income,Premium Travel Package,No,No,No,0,Female
AIC5440,28,Yes,High Income,Luxury Travel Package,No,No,Yes,4,Male
AIC3993,37,No,Low Income,Basic Travel Package,Yes,Yes,No,0,Male
AIC5247,29,No,Low Income,Ultimate Travel Package,No,No,No,0,Female
AIC8852,34,No,Middle Income,Basic Travel Package,Yes,Yes,No,0,Female
AIC9105,34,No,Low Income,Basic Travel Package,No,No,Yes,1,Female
AIC2698,35,No,Middle Income,Premium Travel Package,No,No,,,Male
AIC9537,30,No,Middle Income,Exclusive Travel Package,No,Yes,No,0,Female
AIC7709,28,No,Low Income,Luxury Travel Package,Yes,No,No,0,Female
AIC7478,30,No,High Income,Basic Travel Package,Yes,No,Yes,1,Male
AIC6234,36,No,Low Income,Basic Travel Package,No,Yes,Yes,1,Male
AIC1690,28,Yes,Low Income,Standard Travel Package,Yes,No,No,0,Female
AIC5406,35,No,Middle Income,Premium Travel Package,No,Yes,No,0,Female
AIC2269,36,Yes,High Income,Basic Travel Package,No,No,Yes,1,Male
AIC7237,31,No,Low Income,Basic Travel Package,Yes,No,No,0,Male
AIC6976,30,No,Middle Income,Luxury Travel Package,No,No,No,0,Male
AIC3240,34,No,Middle Income,Ultimate Travel Package,No,Yes,No,0,Female
AIC2595,33,No,Low Income,Basic Travel Package,No,Yes,Yes,1,Female
AIC2212,37,No,Middle Income,Premium Travel Package,Yes,No,No,0,Female
AIC8520,36,No,Middle Income,Standard Travel Package,Yes,No,No,0,Male
AIC6209,28,No,Low Income,Basic Travel Package,Yes,Yes,No,0,Female
AIC6483,28,Yes,High Income,Basic Travel Package,No,No,Yes,1,Male
AIC1685,37,No,Middle Income,Exclusive Travel Package,No,Yes,No,0,Male
AIC8460,30,No,Low Income,Standard Travel Package,No,No,No,0,Male
AIC5932,29,No,Low Income,Premium Travel Package,Yes,No,No,0,Female
AIC5055,30,Yes,High Income,Basic Travel Package,No,No,Yes,1,Female
AIC5876,30,No,Low Income,Basic Travel Package,No,No,No,0,Female
AIC3510,29,No,Middle Income,Standard Travel Package,No,Yes,No,0,Female
AIC3896,36,No,Middle Income,Basic Travel Package,Yes,Yes,,,Female
AIC0042,30,Yes,Low Income,Ultimate Travel Package,Yes,No,Yes,5,Male
AIC6742,30,No,Middle Income,Premium Travel Package,No,No,No,0,Female
AIC9607,34,No,Low Income,Standard Travel Package,No,No,Yes,2,Female
AIC8862,27,No,Low Income,Basic Travel Package,No,Yes,No,0,Male
AIC5059,37,No,High Income,Basic Travel Package,No,No,Yes,1,Male
AIC8512,27,No,Middle Income,Basic Travel Package,Yes,Yes,No,0,Female
AIC3746,31,No,Low Income,Standard Travel Package,No,No,No,0,Female
AIC1864,36,No,Middle Income,Luxury Travel Package,No,Yes,No,0,Male
AIC7432,30,Yes,High Income,Exclusive Travel Package,No,Yes,Yes,6,
AIC1921,27,No,Low Income,Basic Travel Package,Yes,No,No,0,Female
AIC6552,38,No,Middle Income,Standard Travel Package,Yes,No,,,Female
AIC4616,31,No,Middle Income,Basic Travel Package,No,Yes,No,0,Female
AIC9892,31,No,Low Income,Basic Travel Package,No,No,Yes,1,Female
AIC3539,30,No,Middle Income,Ultimate Travel Package,No,Yes,No,0,Male
AIC9595,37,No,Middle Income,Luxury Travel Package,No,No,No,0,Female
AIC0560,30,No,Low Income,Basic Travel Package,Yes,Yes,No,0,
AIC4708,31,No,High Income,Basic Travel Package,No,No,Yes,1,Male
